{
	"class_name" : "PinholeCameraParameters",
	"extrinsic" : 
	[
		-0.1737071820876154,
		-0.37372801731451238,
		0.9111274246587816,
		0.0,
		-0.97298552771661806,
		0.2079958131999971,
		-0.10018435279666321,
		0.0,
		-0.15206899008408778,
		-0.90391653971228769,
		-0.39976231874623969,
		0.0,
		-0.0010914682912782289,
		-0.0044765840630352216,
		0.2126633756032294,
		1.0
	],
	"intrinsic" : 
	{
		"height" : 1080,
		"intrinsic_matrix" : 
		[
			935.30743608719376,
			0.0,
			0.0,
			0.0,
			935.30743608719376,
			0.0,
			959.5,
			539.5,
			1.0
		],
		"width" : 1920
	},
	"version_major" : 1,
	"version_minor" : 0
}